沒有,收到,信用卡,帳單
沒有,收到,帳單,繳款
帳單,消費,款項,疑問
信用卡,利息,違約金
信用卡,道路,救援
信用卡,額度,變更
信用卡,額度,調整
卡片,啟用
卡片,開卡
預借現金
信用卡,帳單,金額
信用卡,結帳日
信用卡,截止日,繳款截止日
結帳日,截止日,繳款截止日
信用卡,繳款,方式
更改,結帳日,繳款截止日
信用卡,額度
更改,帳單,地址,電話
更改,信用卡,帳單,地址,聯絡,電話
預借現金,額度
國外,刷卡,消費,匯率
信用卡,國外,消費,費用
消費,明細
繳款,記錄
紅利,點數
紅利,點數,兌換
信用卡,出國,機場,接送,停車
車輛,拋錨,道路,救援,異動,車號,限制
變更,姓名,信用卡
改名字,信用卡
姓名,變更
申請,信用卡
通路,申辦,信用卡
辦卡
變更,預借現金,密碼
信用卡,扣繳,電話費,公用事業費用
電子帳單,書面帳單,書面
申請,電子帳單
補寄,電子帳單
自扣,方式,修改
自扣,資料,修改
信用卡,等級
發行,卡片,種類
發行,幾種,卡片
信用卡,條件,資料
信用卡,時間,多久
信用卡,遺失
信用卡,遺失,掛失
信用卡,遺失,掛失,費用
信用卡,遺失,補發
信用卡,剪卡
卡片,到期
帳單,國外,交易,服務費
信用卡,年費
交易,服務費
循環,利息,違約金
違約金,抵免
信用卡,帳單,繳款,管道
電子帳單,方式,繳款
尚未出帳,消費,明細紀錄
利率,分期
帳單,分期,期數
取消,交易
帳單,消費,爭議,刷退,本人,同意,交易
網路,信用卡,不滿意,終止
網路,信用卡,退貨,退費
信用卡,英文,護照,拼法,不同
信用卡,英文,護照,姓名,不同
代扣,信用卡,手續費
信用卡,費用,代扣
卡片,補發,代繳,重新辦理
信用卡,代扣,公用事業費用,進度
網路銀行,公用事業費用,代扣
網路,刷卡,認證
信用卡,現金,回饋,類別
信用卡,現金,回饋,機制
信用卡,航空,里程
