1,沒有收到信用卡帳單怎麼辦?
1,沒有收到帳單怎麼辦？如何繳款？
2,對當月帳單的消費款項有疑問?
3,信用卡利息／違約金如何計算?
4,請問信用卡道路救援提供哪些服務項目?
5,信用卡的額度可否變更?
5,我要如何申請信用卡額度調整？
6,當我收到卡片後，要如何啟用？
6,當我收到卡片後，要如何開卡？
7,如何使用預借現金服務?
8,查詢信用卡帳單金額?
9,查詢信用卡結帳日
9,查詢信用卡繳款截止日
9,查詢結帳日及繳款截止日?
10,信用卡繳款方式有哪些?
11,是否可以更改結帳日及繳款截止日呢？
12,查詢目前信用卡可用的額度?
13,欲更改帳單地址、電話應如何處理?
13,如何更改信用卡帳單地址或聯絡電話？
14,查詢預借現金的額度?
15,請問國外刷卡消費的匯率是怎麼計算？
15,持信用卡在國外消費會收取什麼費用?
16,查詢歷史的消費明細?
17,查詢繳款的記錄?
18,請問紅利點數如何使用?
18,紅利點數快到期了，應該如何操作兌換呢？
19,刷信用卡可以享有哪些出國權益(機場接送、機場外圍免費停車)優惠？
20,車輛拋錨時如何使用道路救援？如何登錄/異動車號？是否有相關使用限制？
21,如果有變更姓名，信用卡應該如何處理？
21,如果有改名字，信用卡應該如何處理？
21,我的姓名有變更，應如何辦理?
22,如何申請信用卡?
22,有那些通路可以申辦信用卡？
22,我要辦卡
23,如何變更預借現金密碼?
24,如何用信用卡扣繳電話費、公用事業費用?
25,我只想收到電子帳單不想收書面帳單應如何處理?
25,申請電子帳單
26,如何補寄電子帳單?
27,自扣的方式欲修改應如何申請?
27,自扣的資料欲修改應如何申請?
28,信用卡等級
28,銀行目前有哪些卡片種類？
28,請問銀行目前有發行哪幾種卡片？
29,請問申請信用卡的條件為何？要附什麼資料？
30,請問申請信用卡時間要多久？
31,信用卡遺失了，應該如何處理
31,信用卡遺失了，應該如何掛失
32,信用卡遺失了，掛失會有費用嗎？
33,信用卡遺失了，如何申請補發？
34,如果信用卡決定不再使用了，直接剪卡就可以嗎？
35,卡片如果到期了，要怎麼辦？
36,為何帳單會有出現國外交易服務費？
37,信用卡年費收取標準為何？
38,交易服務費怎麼計算?
39,為何我的帳單出現循環利息及違約金？ 如何計算？
40,我的違約金可以抵免嗎?
41,信用卡帳單繳款管道？
42,如果選擇電子帳單，可以用什麼方式繳款?
43,可以透過什麼方式查詢到尚未出帳的消費明細紀錄？
44,最近有一筆大額消費想辦理分期，應該如何辦理？是否有零利率分期優惠？
45,如果收到帳單想要辦理分期，應該如何辦理？有多少期數選擇？
46,我想要取消這筆交易，可以透過銀行直接辦理嗎？
47,對於帳單消費如果有爭議(已刷退/非本人同意交易)，應該如何處理？
48,在網路上用信用卡消費，因不滿意產品或服務要求終止契約，如何保障用卡安全？
48,在網路上用信用卡消費，退貨，廠商退費到信用卡
49,信用卡的英文與護照拼法不同，應該如何處理？
49,信用卡的英文與護照英文姓名不同，應該如何處理？
50,如何申請帳戶自動代扣信用卡帳款？是否會需收取手續費?
51,信用卡可以設定什麼樣的費用代扣？應該如何申請呢?
52,卡片因補發，原代繳業務是否需要重新辦理？
53,我有辦理信用卡自動代扣公用事業費用，應該如何查詢申請進度？
54,如何在網路銀行上申請公用事業費用代扣？
55,網路刷卡時顯示需要認證，應該如何處理？
56,信用卡是否有現金回饋的類別？
57,信用卡的現金回饋機制為何?
58,信用卡是否有累積哩程的類別？如何移轉至航空公司呢(如何對換里程)?
